{"cameraMode":{"drawMode":0,"name":"Shaded","section":"Shading Mode"},"sceneLighting":true,"audioPlay":false,"sceneViewState":{"showFog":true,"showMaterialUpdate":false,"showSkybox":true,"showFlares":true,"showImageEffects":true,"showParticleSystems":true},"in2DMode":false,"pivot":{"x":-0.03239813446998596,"y":-5.000973701477051,"z":-6.802844524383545},"rotation":{"x":-0.14083589613437653,"y":0.008016632869839669,"z":-0.0011404084507375956,"w":-0.9900045394897461},"size":10.0,"orthographic":true}